{
  "timestamp": "2025-09-08T22:07:55.310Z",
  "iterations": 800,
  "guidance": "Median >1ms or P95 >3ms suggests investigating memoization or style object churn.",
  "includeSamples": false,
  "results": {
    "Button(primary)": {
      "medianMs": 0.00016599999999300508,
      "avgMs": 0.0002429662499998031,
      "p95Ms": 0.0002920000000017353,
      "totalMs": 0.19437299999984248,
      "renders": 800
    },
    "Badge(status)": {
      "medianMs": 0.0002499999999940883,
      "avgMs": 0.000639282499999947,
      "p95Ms": 0.0002920000000017353,
      "totalMs": 0.5114259999999575,
      "renders": 800
    },
    "Avatar(initials)": {
      "medianMs": 0.00016600000000721593,
      "avgMs": 0.00021469874999990423,
      "p95Ms": 0.00016700000000469117,
      "totalMs": 0.1717589999999234,
      "renders": 800
    },
    "Text(variant)": {
      "medianMs": 0.00012499999999704414,
      "avgMs": 0.00018306499999939162,
      "p95Ms": 0.0002080000000006521,
      "totalMs": 0.1464519999995133,
      "renders": 800
    }
  }
}
